{"scaler_item_mean": [0.10755148741418764, 0.26773455377574373, 0.2425629290617849, 0.034324942791762014, 0.30892448512585813, 0.038901601830663615], "scaler_item_scale": [0.3098131129716486, 0.44277845757246037, 0.42863289013648076, 0.1820624648138772, 0.46204994060770277, 0.19336045926112227], "scaler_user_mean": [0.8043478260869565, 1.3810068649885583, 1.3299008390541571, 0.3180778032036613, 1.9435545385202133, 0.17162471395881007], "scaler_user_scale": [1.4194801471561098, 1.689117379489064, 1.6772132867306018, 1.0532581957424334, 1.8532802336937393, 0.7655753380894804], "scaler_target_mean": [4.44279176201373], "scaler_target_scale": [0.20834860139512007]}